,models,Cycle,C-index,BS
0,Log,0,0.8588191330343796,0.02112676056338028
1,Ada,0,0.8696562032884902,0.0
2,RF,0,0.8696562032884902,1.267605633802817e-05
