,144yr c_index,288yr c_index,432yr c_index
Event_1,-1.0,0.6606217616580311,0.7238583648778008
