,144h c_index,288h c_index,432h c_index
Event_1,-1,0.529533679,0.691564377
