,144yr c_index,288yr c_index,432yr c_index
Event_1,-1.0,0.621761658031088,0.7087508932378712
