,144yr B_score,288yr B_score,432yr B_score
Event_1,0.0017500766661883373,0.00375032708489303,0.005491370511051293
