,144yr B_score,288yr B_score,432yr B_score
Event_1,0.01086413547254692,0.028563228266254976,0.04791242162089586
