,144yr B_score,288yr B_score,432yr B_score
Event_1,0.013170471112767933,0.0339137790164768,0.05516998863699133
