,170yr c_index,340yr c_index,550yr c_index
Event_1,0.713663581927055,0.7311056933887853,0.7349777714039868
