,MAE,BS,C_index
0,0.17584516044706,0.1321309159428687,0.7710115786348546
