,170yr B_score,340yr B_score,550yr B_score
Event_1,0.15344248075660274,0.276835687498441,0.009168049925151116
