,170yr c_index,340yr c_index,550yr c_index
Event_1,0.8182111721020342,0.7469535128629456,0.7451481871520987
