,170yr B_score,340yr B_score,550yr B_score
Event_1,0.14954454139636983,0.3340788182146066,0.010027223266114594
