,170yr c_index,340yr c_index,550yr c_index
Event_1,0.8182111721020342,0.746502181435234,0.7397322100195577
