,170yr c_index,340yr c_index,550yr c_index
Event_1,0.8001291572489506,0.7674138709192116,0.756130585226418
