,170yr B_score,340yr B_score,550yr B_score
Event_1,0.14442373447286402,0.459523238189788,0.01823226445736236
