,170yr B_score,340yr B_score,550yr B_score
Event_1,0.1487383904995802,0.2992610559933069,0.011031890330877519
