,170yr c_index,340yr c_index,550yr c_index
Event_1,0.7778495318049725,0.7583872423649767,0.7690687528208214
