,170yr c_index,340yr c_index,550yr c_index
Event_1,0.827252179528576,0.7704227471039566,0.7738829547164134
