,170yr c_index,340yr c_index,550yr c_index
Event_1,0.8178882789796578,0.7732811794794644,0.7585376861742139
