,170yr c_index,340yr c_index,550yr c_index
Event_1,0.7991604778818211,0.7597412366481119,0.7555288099894689
