,170yr c_index,340yr c_index,550yr c_index
Event_1,0.01587521366166594,0.010728669018290402,0.010009839643356588
