,170yr B_score,340yr B_score,550yr B_score
Event_1,0.16340388675820702,0.2660997402784019,0.007824887798279074
