,170yr c_index,340yr c_index,550yr c_index
Event_1,0.8096545043590571,0.7635474650218144,0.7587182187452985
