,170yr c_index,340yr c_index,550yr c_index
Event_1,0.7943170810461737,0.7823078080336994,0.7663607642545509
