,170yr c_index,340yr c_index,550yr c_index
Event_1,0.8330642557313529,0.7613961185497217,0.7653076575898902
