,170yr B_score,340yr B_score,550yr B_score
Event_1,0.1480610114931722,0.2822058492085311,0.008829428760820619
