,170yr B_score,340yr B_score,550yr B_score
Event_1,0.14605905167292085,0.2775456019554478,0.006849260641584154
