,170yr B_score,340yr B_score,550yr B_score
Event_1,0.14984054732108557,0.2914017167182392,0.008409622267653575
