,170yr c_index,340yr c_index,550yr c_index
Event_1,0.8104617371649984,0.7690687528208214,0.7574845795095532
