,170yr B_score,340yr B_score,550yr B_score
Event_1,0.14307692615134512,0.41000642759421757,0.015177875524261942
