,170yr B_score,340yr B_score,550yr B_score
Event_1,0.005424321591436297,0.08035202832364187,0.003588892340422397
