,170yr B_score,340yr B_score,550yr B_score
Event_1,0.1478618374834879,0.4895083036629643,0.007122658820298761
