,170yr B_score,340yr B_score,550yr B_score
Event_1,0.15053754735443262,0.28840056104672823,0.007626294134856822
