,144yr B_score,288yr B_score,432yr B_score
Event_1,0.016098723421658252,0.03904553070077156,0.060755818939406514
