,144yr c_index,288yr c_index,432yr c_index
Event_1,-1.0,0.43523316062176165,0.6894074771148926
