,144yr B_score,288yr B_score,432yr B_score
Event_1,0.0126536947275349,0.03301824638651903,0.053123670272420064
