,144yr B_score,288yr B_score,432yr B_score
Event_1,0.012360467493484207,0.0318309968267768,0.051746848739539386
