,144yr c_index,288yr c_index,432yr c_index
Event_1,-1.0,0.3134715025906735,0.6667315016397032
