,144yr B_score,288yr B_score,432yr B_score
Event_1,0.013875334448615398,0.03711089290206161,0.062311183612694845
