,144yr c_index,288yr c_index,432yr c_index
Event_1,-1.0,0.616580310880829,0.6690736475263095
