,144yr c_index,288yr c_index,432yr c_index
Event_1,0.0,0.133298652276798,0.022205561562272172
