,1yr c_index,2yr c_index,4yr c_index,8yr c_index,17yr c_index,35yr c_index,70yr c_index,105yr c_index
Event_1,0.8016380866425992,0.7921674713356252,0.7835409381354707,0.779014458272328,0.7762269751753518,0.7698582727298147,0.7659995089915915,0.7629779704360262
