,1yr c_index,2yr c_index,4yr c_index,8yr c_index,17yr c_index,35yr c_index,70yr c_index,105yr c_index
Event_1,0.8026850180505415,0.7919821156844695,0.7835890105589164,0.7792063201561737,0.7764758065695387,0.7700314256399667,0.76639865791035,0.7643426479915647
