,1yr B_score,2yr B_score,4yr B_score,8yr B_score,17yr B_score,35yr B_score,70yr B_score,105yr B_score
Event_1,0.08929602965924148,0.1630649407706745,0.24393523386213808,0.3465967650804363,0.422030910339519,0.3949776568891488,0.21729710459254342,0.09970174276386852
