,1yr c_index,2yr c_index,4yr c_index,8yr c_index,17yr c_index,35yr c_index,70yr c_index,105yr c_index
Event_1,0.8009702166064981,0.7921073559893045,0.7833763007206609,0.7791422645192777,0.776010313951618,0.769173189476605,0.7657112461384235,0.759472550912815
