,1yr B_score,2yr B_score,4yr B_score,8yr B_score,17yr B_score,35yr B_score,70yr B_score,105yr B_score
Event_1,0.0891375881815753,0.1627057461618141,0.24267935368779212,0.3427661201457135,0.4108651579647908,0.37904073727579485,0.20972795057836938,0.10142371598786162
