,1yr B_score,2yr B_score,4yr B_score,8yr B_score,17yr B_score,35yr B_score,70yr B_score,105yr B_score
Event_1,0.08926261126836217,0.15753169751824075,0.2272082509464694,0.30289091476953506,0.33306263121175167,0.2850971900334352,0.16603077671795688,0.0991953092154187
