,1yr B_score,2yr B_score,4yr B_score,8yr B_score,17yr B_score,35yr B_score,70yr B_score,105yr B_score
Event_1,0.08932843735596405,0.16358734656302776,0.24497262718501325,0.34901158143069455,0.42629370916584125,0.39912995005457186,0.2161491810352145,0.09846295201450009
