,1yr c_index,2yr c_index,4yr c_index,8yr c_index,17yr c_index,35yr c_index,70yr c_index,105yr c_index
Event_1,0.8012409747292418,0.7913246040840863,0.7828275093379619,0.7785322108345535,0.7759128285866085,0.7701024075782898,0.765991530104953,0.7623307787711439
