,1yr c_index,2yr c_index,4yr c_index,8yr c_index,17yr c_index,35yr c_index,70yr c_index,105yr c_index
Event_1,0.8017148014440433,0.7925081249647762,0.7837166364618696,0.7792520741825281,0.7761614162673829,0.7702293146801403,0.76594447513247,0.7638861395138387
