,1yr B_score,2yr B_score,4yr B_score,8yr B_score,17yr B_score,35yr B_score,70yr B_score,105yr B_score
Event_1,0.0004065651446697034,0.0017511156151495874,0.0051251136700993455,0.013460619561066492,0.027571634629748817,0.0342302567328324,0.015489065931294817,0.0014018571954007718
