,1yr B_score,2yr B_score,4yr B_score,8yr B_score,17yr B_score,35yr B_score,70yr B_score,105yr B_score
Event_1,0.088952149632783,0.1626692221625507,0.24406488662954118,0.34863947728200767,0.424590871775281,0.3806510805330946,0.21003028141810962,0.09760274620699513
