,1yr B_score,2yr B_score,4yr B_score,8yr B_score,17yr B_score,35yr B_score,70yr B_score,105yr B_score
Event_1,0.08888149462235947,0.16167493193288662,0.24126678386125044,0.3426171923474994,0.4141512443083872,0.3926931263909169,0.21033615408113288,0.09670636056429056
