,1yr c_index,2yr c_index,4yr c_index,8yr c_index,17yr c_index,35yr c_index,70yr c_index,105yr c_index
Event_1,0.8017937725631769,0.7921762381569637,0.7833337587530098,0.7788677403611518,0.7763198299855234,0.7703067495219474,0.7652345588084862,0.7641123738036852
