,1yr c_index,2yr c_index,4yr c_index,8yr c_index,17yr c_index,35yr c_index,70yr c_index,105yr c_index
Event_1,0.8018501805054151,0.7919508056082608,0.782989168815036,0.7788372376769156,0.7758129060874737,0.7684461623507497,0.7655168886433846,0.7627448683195236
