,1yr c_index,2yr c_index,4yr c_index,8yr c_index,17yr c_index,35yr c_index,70yr c_index,105yr c_index
Event_1,0.0005695984517981513,0.00048175372658716497,0.0006085882365862949,0.0004497578123905465,0.0002995384579957911,0.0006477515600873113,0.0004764883650326082,0.0013713574158845956
