,1yr c_index,2yr c_index,4yr c_index,8yr c_index,17yr c_index,35yr c_index,70yr c_index,105yr c_index
Event_1,0.8021773465703971,0.7929214179707313,0.7848567611949188,0.7797645192776964,0.776875496566078,0.7707218863127464,0.7666809877452485,0.7637609026748164
