,1yr c_index,2yr c_index,4yr c_index,8yr c_index,17yr c_index,35yr c_index,70yr c_index,105yr c_index
Event_1,0.8009025270758122,0.7922826924160733,0.7841037683674945,0.7788768911664227,0.776427063887034,0.7699002166024603,0.7663495570694981,0.7621126242773633
