,1yr B_score,2yr B_score,4yr B_score,8yr B_score,17yr B_score,35yr B_score,70yr B_score,105yr B_score
Event_1,0.08867496025514778,0.1612485196647028,0.240701816416019,0.34143965666584813,0.4160117223557227,0.3855365219988886,0.20756028343018024,0.09881634574659594
