,1yr B_score,2yr B_score,4yr B_score,8yr B_score,17yr B_score,35yr B_score,70yr B_score,105yr B_score
Event_1,0.08790962272840777,0.15939401524874136,0.2349523227785931,0.3250300998024903,0.37529388980592865,0.3302321415446671,0.1842737943342892,0.09774888206890714
