,1yr B_score,2yr B_score,4yr B_score,8yr B_score,17yr B_score,35yr B_score,70yr B_score,105yr B_score
Event_1,0.08894194829725643,0.16161908686587212,0.24040242652881622,0.33844626616033546,0.40485305192878984,0.3715077684092327,0.20413752548093309,0.09851307049942257
