,1yr c_index,2yr c_index,4yr c_index,8yr c_index,17yr c_index,35yr c_index,70yr c_index,105yr c_index
Event_1,0.8009702166064981,0.7915688226785144,0.7827466795994248,0.778132625671059,0.7760176253539938,0.7693087004497674,0.7655332555903354,0.7632377358795464
