,1yr B_score,2yr B_score,4yr B_score,8yr B_score,17yr B_score,35yr B_score,70yr B_score,105yr B_score
Event_1,0.0892028542823776,0.16229612846215263,0.24240906035317794,0.34413832270662037,0.41792850804936965,0.3922771869190476,0.215008144601101,0.0990254640927169
