,1yr c_index,2yr c_index,4yr c_index,8yr c_index,17yr c_index,35yr c_index,70yr c_index,105yr c_index
Event_1,0.8020758122743682,0.7928525358030721,0.7838697875454136,0.7795326988775012,0.7762564644982672,0.7703626746854747,0.7666339327727654,0.7637790822159649
