,1yr B_score,2yr B_score,4yr B_score,8yr B_score,17yr B_score,35yr B_score,70yr B_score,105yr B_score
Event_1,0.08877373498634562,0.1620183201739299,0.24183392956816796,0.3413325313725096,0.40830187431130655,0.37544209245276133,0.20496158402043366,0.09644718633307114
