,MAE,BS,C_index
0,0.12161047354904474,0.11415018129146022,0.7656344444743379
