,170yr B_score,340yr B_score,550yr B_score
Event_1,0.16542243606811655,0.19379526573331735,0.013570936220266722
