,170yr c_index,340yr c_index,550yr c_index
Event_1,0.7636048162363952,0.6765149413084653,0.6797963590739646
