,170yr c_index,340yr c_index,550yr c_index
Event_1,0.7598717072401283,0.6863230024972554,0.6870589086873122
