,170yr c_index,340yr c_index,550yr c_index
Event_1,0.7566906777433093,0.6777092808628199,0.6708207163624519
