,170yr B_score,340yr B_score,550yr B_score
Event_1,0.14587112008712674,0.3007857216493414,0.010463931428933291
