,170yr B_score,340yr B_score,550yr B_score
Event_1,0.1516762794266393,0.2755159105420148,0.009308873236377612
