,170yr B_score,340yr B_score,550yr B_score
Event_1,0.15598179982366078,0.2543486689351849,0.009065426590151754
