,170yr B_score,340yr B_score,550yr B_score
Event_1,0.14981362988482252,0.3174196596717717,0.00995542635892559
