,170yr c_index,340yr c_index,550yr c_index
Event_1,0.7468584047531416,0.676888926421445,0.6669119687300189
