,170yr c_index,340yr c_index,550yr c_index
Event_1,0.7638151322361849,0.6512890422361897,0.6759720596928497
