,170yr c_index,340yr c_index,550yr c_index
Event_1,0.7584073820915925,0.6776332774366337,0.6764920196402504
