,170yr B_score,340yr B_score,550yr B_score
Event_1,0.15035733701474543,0.2755553885018902,0.009656139917773532
