,170yr B_score,340yr B_score,550yr B_score
Event_1,0.14921320591347914,0.2885093760882648,0.009316354933909903
