,170yr B_score,340yr B_score,550yr B_score
Event_1,0.15056573682342525,0.28447067768318524,0.01002697187626721
