,170yr B_score,340yr B_score,550yr B_score
Event_1,0.14699225242534203,0.2896293740691987,0.010353465355907468
