,170yr c_index,340yr c_index,550yr c_index
Event_1,0.7573479152426521,0.6727268340350581,0.6656573089961516
