,170yr B_score,340yr B_score,550yr B_score
Event_1,0.00351632015133376,0.022530823290234203,0.0009570950835995566
