,170yr c_index,340yr c_index,550yr c_index
Event_1,0.7454387717545612,0.6824625110084328,0.6697590812030256
