,170yr c_index,340yr c_index,550yr c_index
Event_1,0.008202341265329153,0.012957892231725273,0.011345684699735598
