,170yr c_index,340yr c_index,550yr c_index
Event_1,0.7754088017245911,0.7062407257723999,0.7052394107924865
