,170yr B_score,340yr B_score,550yr B_score
Event_1,0.1547295392798571,0.2609580021650357,0.00965926146908796
