,170yr c_index,340yr c_index,550yr c_index
Event_1,0.7605289447394711,0.673655764799556,0.6738849814817048
