,170yr B_score,340yr B_score,550yr B_score
Event_1,0.14612435181149222,0.32243057086767307,0.012600131973901639
