,170yr B_score,340yr B_score,550yr B_score
Event_1,0.15489785256708719,0.2595541043414774,0.009890707497703351
