,170yr c_index,340yr c_index,550yr c_index
Event_1,0.7545086492454913,0.6725217454247144,0.6698194013825385
