,9yr c_index,21yr c_index,29yr c_index
Event_1,0.627929135634153,0.6170983653792398,0.6154770635590167
