,9yr B_score,21yr B_score,29yr B_score
Event_1,0.03129063457993347,0.012391738538471255,0.001676422549214895
