,9yr B_score,21yr B_score,29yr B_score
Event_1,0.32134886811418867,0.16219962797680382,0.00832448618290044
