,9yr c_index,21yr c_index,29yr c_index
Event_1,0.6123847921888027,0.5810709109753108,0.5700153884633157
