,9yr B_score,21yr B_score,29yr B_score
Event_1,0.32119250152177586,0.1623858785072642,0.008766997539048867
