,9yr c_index,21yr c_index,29yr c_index
Event_1,0.008822518986946613,0.016057883344320862,0.019252615196376107
