,9yr c_index,21yr c_index,29yr c_index
Event_1,0.6284187292359856,0.6126611075512512,0.6079341729866761
