,9yr B_score,21yr B_score,29yr B_score
Event_1,0.29486441517503686,0.15323108003329491,0.007124889079550191
