,9yr B_score,21yr B_score,29yr B_score
Event_1,0.2707182705916396,0.1428982424986769,0.006308329127694291
