,9yr c_index,21yr c_index,29yr c_index
Event_1,0.6320800379105604,0.6212117954165252,0.6216896787075387
