,9yr c_index,21yr c_index,29yr c_index
Event_1,0.6306229140955822,0.6183906661907445,0.6201974640829875
