,9yr B_score,21yr B_score,29yr B_score
Event_1,0.24512636439205526,0.13406465689278702,0.004215077242378921
