,9yr c_index,21yr c_index,29yr c_index
Event_1,0.6390767663508298,0.625533799794436,0.6122912701205218
