,9yr B_score,21yr B_score,29yr B_score
Event_1,0.31593607125552486,0.16460699429094264,0.008009555305728437
