,MAE,BS,C_index
0,0.0836581992810491,0.13357996115919696,0.6440545693427773
