,12d c_index,24d c_index,36d c_index
Event_1,0.756621648,0.737170698,0.718798955
