,12yr B_score,24yr B_score,36yr B_score
Event_1,0.4749664954713225,0.5388377415032103,0.5325623766152332
