,12yr c_index,24yr c_index,36yr c_index
Event_1,0.7645499405372667,0.746974306205374,0.7308034127535279
