,12yr B_score,24yr B_score,36yr B_score
Event_1,0.4428861625578895,0.48306440553997554,0.44909686967661583
