,12yr c_index,24yr c_index,36yr c_index
Event_1,0.7284820432475833,0.7120800847309108,0.7067973529623449
