,12yr c_index,24yr c_index,36yr c_index
Event_1,0.7682623814972562,0.7496648473760791,0.7377807841462963
