,12yr B_score,24yr B_score,36yr B_score
Event_1,0.4665255255940839,0.5216640380676891,0.5085031826633301
