,12yr B_score,24yr B_score,36yr B_score
Event_1,0.02404782803826647,0.04110148494114313,0.06163856110818031
