,12yr B_score,24yr B_score,36yr B_score
Event_1,0.4376416325992353,0.47577396146589945,0.43496623214261637
