,12yr c_index,24yr c_index,36yr c_index
Event_1,0.7590761233052132,0.7510519002019018,0.7086459114668318
