,12yr B_score,24yr B_score,36yr B_score
Event_1,0.4166125687513768,0.4387388978699986,0.38738515675591434
