,12yr c_index,24yr c_index,36yr c_index
Event_1,0.7627377525229223,0.7260823499724139,0.7099673144614869
