,12yr c_index,24yr c_index,36yr c_index
Event_1,0.01437799038873005,0.015475093623278693,0.012880508241164906
