,12yr B_score,24yr B_score,36yr B_score
Event_1,0.4186845903734292,0.4403073887930803,0.3820674002059852
