,12yr B_score,24yr B_score,36yr B_score
Event_1,0.5432149117701953,0.5874785398558308,0.6488982260684354
Event_2,0.5052464305546627,0.5682991777067085,0.5609464518951348
