,12yr c_index,24yr c_index,36yr c_index
Event_1,0.5106295943036313,0.4998237881834528,0.48692926727271973
Event_2,0.5316459111568671,0.49567996528556796,0.4930859352497863
