,12yr B_score,24yr B_score,36yr B_score
Event_1,0.4549804039900653,0.46875907475039547,0.5093855077730869
Event_2,0.38849127617306,0.3880378210677243,0.3841627524802762
