,12yr B_score,24yr B_score,36yr B_score
Event_1,0.5950858837190629,0.6881558578925461,0.7893293720095967
Event_2,0.5480868809061962,0.6442652317464601,0.674066173582873
