,12yr B_score,24yr B_score,36yr B_score
Event_1,0.04975376190226038,0.07793221203225827,0.09977608122674576
Event_2,0.05752645662976215,0.09152291939597308,0.10228322353006199
