,12yr B_score,24yr B_score,36yr B_score
Event_1,0.5438792387905304,0.5988378968718762,0.6699264777985927
Event_2,0.49743730338284176,0.5596153770227453,0.5682571065394125
