,12yr c_index,24yr c_index,36yr c_index
Event_1,0.04180271735602177,0.03209337029590136,0.03650183494156421
Event_2,0.01987025800600584,0.02895700567870551,0.033014458564230395
