,12yr c_index,24yr c_index,36yr c_index
Event_1,0.5576447948668247,0.44233860766044314,0.4196153369948763
Event_2,0.5570436874292238,0.5159822023081929,0.5405302241867058
