,12yr c_index,24yr c_index,36yr c_index
Event_1,0.4782537967970565,0.4685319275190207,0.4819680219162127
Event_2,0.5508228222192071,0.5674140176842488,0.5764666574323812
