,12yr c_index,24yr c_index,36yr c_index
Event_1,0.5285356020118166,0.5255593748325925,0.5263833786884401
Event_2,0.5000424811585675,0.48238662699045537,0.4932151836341382
