,12yr c_index,24yr c_index,36yr c_index
Event_1,0.4364336145551245,0.44537506408114746,0.44673143836989887
Event_2,0.537292212597482,0.512206187140865,0.49999562088099864
