,12yr B_score,24yr B_score,36yr B_score
Event_1,0.539435385995567,0.5802793065111687,0.6402998227146842
Event_2,0.502978399080577,0.5660164938656008,0.5691849153934071
