,12yr B_score,24yr B_score,36yr B_score
Event_1,0.5866796084777613,0.6695167053494393,0.7617194604271603
Event_2,0.5423835301997126,0.6314581607272333,0.6529252393453716
