,12yr c_index,24yr c_index,36yr c_index
Event_1,0.5022994805068908,0.4763257524553313,0.47232548864842955
Event_2,0.5353694229122696,0.514733799881866,0.5206587242768019
