,12yr B_score,24yr B_score,36yr B_score
Event_1,0.5116219520343624,0.5532363788691507,0.5483320642613928
Event_2,0.5095195793957443,0.5502105696857256,0.547850652837564
