,12yr B_score,24yr B_score,36yr B_score
Event_1,0.4793829679097176,0.48356741567166356,0.4503802689679259
Event_2,0.4784856945754214,0.48784483133790485,0.45667885551189313
