,12yr B_score,24yr B_score,36yr B_score
Event_1,0.04505094645243983,0.09873624911558398,0.1394405499565842
Event_2,0.04307778974697723,0.09213353058913225,0.13135348491712828
