,12yr c_index,24yr c_index,36yr c_index
Event_1,0.765931203765898,0.7347293894699848,0.721830769396908
Event_2,0.7573694538010871,0.7337697637978043,0.7136753843382039
