,12yr B_score,24yr B_score,36yr B_score
Event_1,0.5753320691330203,0.6928704168093328,0.7455293665951082
Event_2,0.5704371544991443,0.6804679925981021,0.7336021126383496
