,12yr B_score,24yr B_score,36yr B_score
Event_1,0.4801508190603494,0.48327130412645536,0.44908655722114443
Event_2,0.4796358891126672,0.4823188851211697,0.45327099036244917
