,12yr c_index,24yr c_index,36yr c_index
Event_1,0.7663573943415213,0.7336585629522151,0.7205469214063664
Event_2,0.7596302200028197,0.7352141790740356,0.7152739908510745
