,12yr c_index,24yr c_index,36yr c_index
Event_1,0.7660050484271388,0.7350606666323514,0.7218257757315836
Event_2,0.7557018698472217,0.7327215747349349,0.7121161960534692
