,12yr c_index,24yr c_index,36yr c_index
Event_1,0.7654311685290336,0.7354689388253878,0.7231196110527739
Event_2,0.75677627155322,0.7333735375844426,0.7136359661100681
