,12yr c_index,24yr c_index,36yr c_index
Event_1,0.00038171834243322974,0.0007753165457930468,0.0010503020856569613
Event_2,0.0016576856599156953,0.001055466881508586,0.0012894656111422603
